"Date","Price","Open","High","Low","Vol.","Change %"
"Aug 11, 2020","4.37","4.29","4.51","4.29","28.74M","3.55%"
"Aug 10, 2020","4.22","3.84","4.22","3.65","72.05M","9.90%"
"Aug 07, 2020","3.84","3.43","3.87","3.24","65.96M","6.96%"
"Aug 06, 2020","3.59","3.97","3.98","3.59","42.31M","-9.80%"
"Aug 05, 2020","3.98","4.07","4.12","3.87","36.80M","-1.00%"
"Aug 04, 2020","4.02","4.34","4.39","3.83","38.08M","-5.41%"
"Jul 30, 2020","4.25","4.40","4.41","4.25","16.10M","-2.07%"
"Jul 29, 2020","4.34","4.32","4.40","4.11","50.00M","2.12%"
"Jul 28, 2020","4.25","4.60","4.70","4.24","82.47M","-7.41%"
"Jul 27, 2020","4.59","4.63","4.76","4.56","43.41M","0.66%"
"Jul 24, 2020","4.56","4.42","4.62","4.39","59.28M","1.33%"
"Jul 23, 2020","4.50","4.65","4.73","4.50","73.23M","-2.60%"
"Jul 22, 2020","4.62","4.71","4.96","4.48","153.62M","-0.86%"
"Jul 21, 2020","4.66","4.36","4.75","4.35","219.46M","7.87%"
"Jul 20, 2020","4.32","4.08","4.41","4.08","155.64M","6.40%"
"Jul 17, 2020","4.06","4.05","4.10","3.98","38.52M","0.74%"
"Jul 16, 2020","4.03","4.08","4.13","4.00","26.29M","1.00%"
"Jul 14, 2020","3.99","4.09","4.22","3.95","45.38M","-1.97%"
"Jul 13, 2020","4.07","3.80","4.07","3.80","39.73M","9.41%"
"Jul 10, 2020","3.72","3.78","3.78","3.55","32.69M","-1.59%"
"Jul 09, 2020","3.78","4.07","4.14","3.76","45.89M","-6.67%"
"Jul 08, 2020","4.05","4.26","4.28","4.05","41.47M","-4.71%"
"Jul 07, 2020","4.25","4.15","4.41","3.95","112.87M","2.91%"
"Jul 06, 2020","4.13","3.87","4.16","3.86","95.97M","8.40%"
"Jul 03, 2020","3.81","3.78","3.95","3.78","63.17M","1.06%"
"Jul 02, 2020","3.77","3.71","3.99","3.64","156.57M","3.01%"
"Jul 01, 2020","3.66","3.36","3.66","3.31","179.03M","9.91%"
"Jun 30, 2020","3.33","3.25","3.39","3.22","91.70M","2.46%"
"Jun 29, 2020","3.25","3.10","3.32","3.08","126.42M","5.86%"
"Jun 26, 2020","3.07","3.06","3.12","3.05","33.46M","0.99%"
"Jun 25, 2020","3.04","3.07","3.08","3.01","24.20M","-0.98%"
"Jun 24, 2020","3.07","3.13","3.15","3.06","34.55M","-1.60%"
"Jun 23, 2020","3.12","3.18","3.21","3.09","54.48M","-1.27%"
"Jun 22, 2020","3.16","3.08","3.22","3.04","197.86M","4.98%"
"Jun 19, 2020","3.01","3.09","3.12","3.01","59.43M","-1.95%"
"Jun 18, 2020","3.07","2.99","3.11","2.99","81.27M","3.02%"
"Jun 17, 2020","2.98","3.04","3.06","2.98","30.71M","-1.32%"
"Jun 16, 2020","3.02","3.03","3.10","3.00","69.26M","1.00%"
"Jun 15, 2020","2.99","2.89","3.09","2.88","140.15M","2.75%"
"Jun 12, 2020","2.91","2.86","2.93","2.84","25.67M","1.04%"
"Jun 11, 2020","2.88","2.88","2.94","2.87","26.04M","-1.03%"
"Jun 10, 2020","2.91","2.90","2.97","2.90","43.42M","1.04%"
"Jun 09, 2020","2.88","2.86","2.88","2.81","16.40M","1.05%"
"Jun 08, 2020","2.85","2.89","2.94","2.82","24.45M","-1.04%"
"Jun 05, 2020","2.88","2.93","2.94","2.88","21.22M","-1.37%"
"Jun 04, 2020","2.92","3.00","3.01","2.90","36.42M","-1.35%"
"Jun 03, 2020","2.96","2.97","3.07","2.93","109.88M","0.34%"
"Jun 02, 2020","2.95","2.85","3.07","2.79","238.89M","4.61%"
"Jun 01, 2020","2.82","2.78","2.85","2.75","66.37M","2.55%"
"May 29, 2020","2.75","2.74","2.81","2.74","30.60M","0.36%"
"May 28, 2020","2.74","2.78","2.79","2.73","20.56M","-0.72%"
"May 27, 2020","2.76","2.79","2.82","2.76","20.52M","0.00%"
"May 22, 2020","2.76","2.77","2.79","2.74","16.48M","-0.36%"
"May 21, 2020","2.77","2.88","2.88","2.77","30.69M","-3.48%"
"May 20, 2020","2.87","2.82","2.93","2.80","84.10M","2.87%"
"May 18, 2020","2.79","2.76","2.87","2.75","96.89M","2.57%"
"May 15, 2020","2.72","2.74","2.78","2.72","31.77M","0.74%"
"May 14, 2020","2.70","2.75","2.82","2.68","42.03M","-2.17%"
"May 13, 2020","2.76","2.76","2.81","2.76","42.30M","0.00%"
"May 12, 2020","2.76","2.81","2.84","2.75","45.03M","-2.13%"
"May 11, 2020","2.82","2.90","2.95","2.81","62.95M","-1.05%"
"May 08, 2020","2.85","2.80","2.94","2.78","219.62M","2.52%"
"May 07, 2020","2.78","2.76","2.87","2.72","73.20M","1.83%"
"May 06, 2020","2.73","2.79","2.87","2.66","93.50M","-1.80%"
"May 05, 2020","2.78","3.06","3.19","2.65","156.90M","-5.44%"
"May 04, 2020","2.94","2.70","2.94","2.69","86.16M","9.70%"
"Apr 30, 2020","2.68","2.56","2.77","2.53","221.49M","5.51%"
"Apr 29, 2020","2.54","2.54","2.56","2.52","19.10M","0.79%"
"Apr 28, 2020","2.52","2.54","2.59","2.50","37.54M","0.00%"
"Apr 27, 2020","2.52","2.55","2.56","2.51","28.66M","0.00%"
"Apr 24, 2020","2.52","2.52","2.59","2.49","39.27M","0.80%"
"Apr 22, 2020","2.50","2.46","2.58","2.44","36.40M","2.46%"
"Apr 21, 2020","2.44","2.54","2.54","2.42","23.43M","-3.94%"
"Apr 20, 2020","2.54","2.67","2.70","2.54","38.83M","-4.15%"
"Apr 17, 2020","2.65","2.71","2.87","2.58","94.64M","0.00%"
"Apr 16, 2020","2.65","2.65","2.65","2.30","62.57M","9.84%"
"Apr 15, 2020","2.41","2.25","2.41","2.12","61.99M","9.92%"
"Apr 14, 2020","2.19","2.19","2.24","2.18","18.63M","1.51%"
"Apr 13, 2020","2.16","2.16","2.21","2.15","12.19M","-0.83%"
"Apr 10, 2020","2.18","2.19","2.25","2.15","23.50M","0.67%"
"Apr 09, 2020","2.17","2.18","2.22","2.14","20.39M","0.00%"
"Apr 08, 2020","2.17","2.10","2.22","2.04","37.91M","3.10%"
"Apr 07, 2020","2.10","2.20","2.31","2.09","57.59M","-3.01%"
"Apr 06, 2020","2.17","2.17","2.17","2.05","32.44M","9.93%"
"Apr 03, 2020","1.97","1.94","1.97","1.91","7.12M","9.90%"
"Apr 02, 2020","1.80","1.79","1.88","1.76","48.99M","2.06%"
"Apr 01, 2020","1.76","1.76","1.82","1.74","17.62M","-2.22%"
"Mar 31, 2020","1.80","1.77","1.84","1.73","32.65M","3.33%"
"Mar 30, 2020","1.74","1.73","1.76","1.68","8.76M","0.84%"
"Mar 27, 2020","1.73","1.70","1.80","1.67","37.86M","3.03%"
"Mar 26, 2020","1.68","1.52","1.68","1.50","22.62M","10.00%"
"Mar 25, 2020","1.52","1.56","1.60","1.49","13.20M","0.00%"
"Mar 24, 2020","1.53","1.49","1.54","1.46","12.02M","6.31%"
"Mar 23, 2020","1.44","1.41","1.49","1.39","9.15M","-4.12%"
"Mar 20, 2020","1.50","1.53","1.53","1.49","5.37M","1.23%"
"Mar 19, 2020","1.48","1.53","1.57","1.47","7.33M","-3.32%"
"Mar 18, 2020","1.53","1.45","1.65","1.44","18.85M","1.69%"
"Mar 17, 2020","1.51","1.57","1.59","1.42","11.81M","-4.60%"
"Mar 16, 2020","1.58","1.67","1.67","1.58","4.63M","-9.94%"
"Mar 13, 2020","1.75","1.66","1.80","1.58","11.31M","5.00%"
"Mar 12, 2020","1.67","1.83","1.83","1.65","8.09M","-12.71%"
"Mar 11, 2020","1.91","1.96","2.01","1.86","9.37M","-4.70%"
"Mar 10, 2020","2.01","2.16","2.18","2.00","12.21M","-2.98%"
"Mar 09, 2020","2.07","2.23","2.25","2.01","6.33M","-10.24%"
"Mar 06, 2020","2.30","2.39","2.42","2.30","6.64M","-3.79%"
"Mar 05, 2020","2.39","2.44","2.46","2.39","6.85M","-0.60%"
"Mar 04, 2020","2.41","2.40","2.54","2.38","28.10M","0.61%"
"Mar 03, 2020","2.39","2.35","2.44","2.34","11.32M","3.29%"
"Mar 02, 2020","2.32","2.35","2.38","2.28","8.24M","3.06%"
"Feb 28, 2020","2.25","1.96","2.30","1.96","7.90M","-4.62%"
"Feb 27, 2020","2.36","2.45","2.46","2.21","11.58M","-4.69%"
"Feb 26, 2020","2.47","2.44","2.50","2.43","13.51M","0.74%"
"Feb 25, 2020","2.46","2.52","2.54","2.43","9.72M","-1.31%"
"Feb 24, 2020","2.49","2.39","2.49","2.36","14.50M","1.18%"
"Feb 21, 2020","2.46","2.38","2.60","2.34","29.31M","2.73%"
"Feb 20, 2020","2.39","2.60","2.61","2.34","17.52M","-7.04%"
"Feb 19, 2020","2.58","2.64","2.67","2.55","14.35M","-2.20%"
"Feb 18, 2020","2.63","2.72","2.73","2.61","11.57M","-3.20%"
"Feb 17, 2020","2.72","2.74","2.76","2.72","10.74M","0.00%"
"Feb 14, 2020","2.72","2.78","2.80","2.72","14.05M","-1.45%"
"Feb 13, 2020","2.76","2.71","2.84","2.70","50.07M","2.15%"
"Feb 12, 2020","2.70","2.73","2.76","2.66","18.23M","-0.93%"
"Feb 11, 2020","2.73","2.70","2.74","2.64","20.05M","3.01%"
"Feb 10, 2020","2.65","2.80","2.88","2.57","36.40M","-4.95%"
"Feb 07, 2020","2.79","2.70","2.88","2.70","66.58M","3.36%"
"Feb 06, 2020","2.70","2.71","2.76","2.68","21.16M","0.41%"
"Feb 05, 2020","2.68","2.75","2.76","2.67","22.93M","-1.60%"
"Feb 04, 2020","2.73","2.70","2.78","2.67","41.01M","2.59%"
"Feb 03, 2020","2.66","2.58","2.80","2.56","81.22M","4.12%"
"Jan 31, 2020","2.55","2.70","2.75","2.55","43.97M","-4.99%"
"Jan 30, 2020","2.69","3.10","3.14","2.69","122.09M","-10.18%"
"Jan 29, 2020","2.99","2.52","2.99","2.51","165.35M","19.91%"
"Jan 28, 2020","2.50","2.49","2.54","2.47","26.82M","1.33%"
"Jan 27, 2020","2.46","2.39","2.54","2.39","38.72M","1.65%"
"Jan 24, 2020","2.42","2.42","2.45","2.40","13.29M","1.21%"
"Jan 23, 2020","2.39","2.38","2.46","2.36","18.77M","0.00%"
"Jan 22, 2020","2.39","2.46","2.49","2.39","21.74M","-3.23%"
"Jan 21, 2020","2.47","2.44","2.51","2.43","17.43M","0.44%"
"Jan 20, 2020","2.46","2.45","2.50","2.43","20.48M","0.74%"
"Jan 17, 2020","2.44","2.56","2.59","2.39","32.52M","-3.99%"
"Jan 16, 2020","2.54","2.52","2.60","2.51","49.76M","2.19%"
"Jan 15, 2020","2.49","2.43","2.54","2.41","38.13M","2.54%"
"Jan 14, 2020","2.43","2.43","2.50","2.36","29.08M","0.75%"
"Jan 13, 2020","2.41","2.36","2.42","2.36","22.44M","2.79%"
"Jan 10, 2020","2.34","2.35","2.41","2.33","33.55M","0.47%"
"Jan 09, 2020","2.33","2.30","2.39","2.30","33.39M","4.89%"
"Jan 08, 2020","2.22","2.14","2.34","2.13","58.93M","-0.33%"
"Jan 07, 2020","2.23","2.11","2.37","2.10","57.34M","7.71%"
"Jan 06, 2020","2.07","2.14","2.17","2.06","12.29M","-6.24%"
"Jan 03, 2020","2.21","2.29","2.29","2.16","14.79M","-3.94%"
"Jan 02, 2020","2.30","2.29","2.32","2.28","8.07M","0.96%"
"Dec 31, 2019","2.28","2.28","2.35","2.27","13.92M","0.00%"
"Dec 30, 2019","2.27","2.34","2.35","2.27","9.98M","-2.64%"
"Dec 27, 2019","2.34","2.41","2.45","2.33","14.56M","-2.57%"
"Dec 26, 2019","2.40","2.35","2.50","2.34","36.81M","3.12%"
"Dec 25, 2019","2.33","2.26","2.33","2.25","18.50M","3.55%"
"Dec 24, 2019","2.25","2.21","2.26","2.20","7.54M","1.98%"
"Dec 23, 2019","2.20","2.24","2.24","2.20","6.66M","-0.65%"
"Dec 20, 2019","2.22","2.27","2.28","2.22","6.07M","-2.08%"
"Dec 19, 2019","2.26","2.27","2.29","2.25","6.85M","0.65%"
"Dec 18, 2019","2.25","2.31","2.33","2.19","14.68M","-3.58%"
"Dec 17, 2019","2.33","2.36","2.42","2.32","21.16M","-0.92%"
"Dec 16, 2019","2.35","2.35","2.39","2.34","25.58M","1.56%"
"Dec 13, 2019","2.32","2.37","2.40","2.30","24.80M","-1.24%"
"Dec 12, 2019","2.35","2.31","2.44","2.31","29.86M","2.05%"
"Dec 11, 2019","2.30","2.36","2.51","2.30","35.97M","-3.79%"
"Dec 10, 2019","2.39","2.54","2.86","2.37","187.81M","-4.49%"
"Dec 09, 2019","2.50","2.10","2.50","2.10","106.76M","20.00%"
"Dec 06, 2019","2.09","2.06","2.13","2.00","33.60M","1.59%"
"Dec 05, 2019","2.05","2.06","2.14","2.05","27.96M","0.71%"
"Dec 04, 2019","2.04","1.97","2.08","1.97","35.78M","4.07%"
"Dec 03, 2019","1.96","1.96","2.02","1.96","26.89M","-0.37%"
"Dec 02, 2019","1.97","1.90","2.04","1.89","46.82M","3.83%"
"Nov 29, 2019","1.89","1.95","1.96","1.89","23.55M","-2.43%"
"Nov 28, 2019","1.94","1.94","2.04","1.91","72.90M","0.75%"
"Nov 27, 2019","1.93","1.73","2.01","1.73","162.33M","11.32%"
"Nov 26, 2019","1.73","1.68","1.76","1.67","34.39M","3.47%"
"Nov 25, 2019","1.67","1.70","1.72","1.66","11.76M","0.00%"
"Nov 22, 2019","1.68","1.68","1.69","1.66","6.57M","0.43%"
"Nov 21, 2019","1.67","1.68","1.69","1.66","6.49M","-0.43%"
"Nov 20, 2019","1.68","1.71","1.73","1.65","13.82M","-1.70%"
"Nov 19, 2019","1.71","1.70","1.76","1.69","19.50M","0.86%"
"Nov 18, 2019","1.69","1.65","1.70","1.65","16.32M","2.64%"
"Nov 15, 2019","1.65","1.63","1.69","1.63","20.25M","1.79%"
"Nov 14, 2019","1.62","1.60","1.64","1.59","23.82M","1.36%"
"Nov 13, 2019","1.60","1.59","1.61","1.59","7.50M","0.00%"
"Nov 12, 2019","1.59","1.59","1.61","1.58","10.07M","0.69%"
"Nov 11, 2019","1.58","1.59","1.59","1.58","4.99M","-0.46%"
"Nov 08, 2019","1.59","1.59","1.61","1.57","9.24M","0.00%"
"Nov 07, 2019","1.59","1.59","1.61","1.56","14.23M","0.46%"
"Nov 06, 2019","1.58","1.65","1.66","1.56","14.02M","-5.63%"
"Nov 05, 2019","1.68","1.69","1.69","1.67","4.64M","-0.65%"
"Nov 04, 2019","1.69","1.68","1.71","1.67","6.98M","1.31%"
"Nov 01, 2019","1.67","1.72","1.72","1.65","7.03M","-2.55%"
"Oct 31, 2019","1.71","1.72","1.76","1.69","15.92M","-0.84%"
"Oct 30, 2019","1.72","1.70","1.78","1.68","15.75M","0.64%"
"Oct 28, 2019","1.71","1.74","1.75","1.71","4.56M","-0.84%"
"Oct 25, 2019","1.73","1.72","1.77","1.68","30.24M","0.63%"
"Oct 24, 2019","1.72","1.63","1.85","1.62","56.61M","5.82%"
"Oct 23, 2019","1.62","1.63","1.65","1.61","9.18M","0.68%"
"Oct 22, 2019","1.61","1.64","1.67","1.60","38.08M","-0.45%"
"Oct 21, 2019","1.62","1.56","1.65","1.55","31.85M","3.96%"
"Oct 18, 2019","1.56","1.57","1.58","1.55","8.32M","3.37%"
"Oct 17, 2019","1.51","1.51","1.51","1.49","3.99M","0.48%"
"Oct 16, 2019","1.50","1.49","1.52","1.49","3.47M","-1.43%"
"Oct 15, 2019","1.52","1.52","1.55","1.51","5.71M","2.20%"
"Oct 14, 2019","1.49","1.54","1.60","1.47","7.97M","-5.09%"
"Oct 11, 2019","1.57","1.57","1.61","1.56","18.49M","0.47%"
"Oct 10, 2019","1.56","1.52","1.60","1.49","24.92M","2.38%"
"Oct 09, 2019","1.52","1.58","1.60","1.52","8.52M","-3.45%"
"Oct 08, 2019","1.58","1.56","1.62","1.55","33.06M","0.93%"
"Oct 07, 2019","1.56","1.55","1.64","1.54","38.22M","1.17%"
"Oct 04, 2019","1.55","1.54","1.56","1.53","5.64M","0.47%"
"Oct 03, 2019","1.54","1.56","1.58","1.53","7.42M","-0.70%"
"Oct 02, 2019","1.55","1.55","1.58","1.54","4.39M","0.00%"
"Oct 01, 2019","1.55","1.60","1.61","1.55","8.05M","-3.17%"
"Sep 30, 2019","1.60","1.58","1.61","1.58","10.44M","2.08%"
"Sep 27, 2019","1.57","1.54","1.60","1.53","21.37M","2.13%"
"Sep 26, 2019","1.53","1.53","1.56","1.53","8.89M","0.00%"
"Sep 25, 2019","1.53","1.52","1.55","1.52","4.88M","0.48%"
"Sep 24, 2019","1.52","1.52","1.54","1.52","5.11M","0.96%"
"Sep 23, 2019","1.51","1.55","1.56","1.51","7.74M","-2.80%"
"Sep 20, 2019","1.55","1.55","1.61","1.53","31.94M","0.71%"
"Sep 19, 2019","1.54","1.66","1.67","1.54","17.70M","-6.80%"
"Sep 18, 2019","1.65","1.54","1.71","1.52","42.79M","8.06%"
"Sep 17, 2019","1.53","1.57","1.57","1.52","4.55M","-2.31%"
"Sep 16, 2019","1.57","1.56","1.59","1.56","3.55M","0.00%"
"Sep 13, 2019","1.57","1.58","1.59","1.56","4.78M","-0.46%"
"Sep 12, 2019","1.58","1.62","1.63","1.57","9.79M","-2.25%"
"Sep 11, 2019","1.61","1.60","1.61","1.59","7.46M","1.83%"
"Sep 10, 2019","1.59","1.59","1.61","1.57","9.10M","0.00%"
"Sep 09, 2019","1.58","1.57","1.60","1.57","10.32M","1.63%"
"Sep 06, 2019","1.56","1.57","1.60","1.55","7.49M","-0.92%"
"Sep 05, 2019","1.57","1.56","1.58","1.55","7.45M","1.64%"
"Sep 04, 2019","1.55","1.52","1.57","1.52","14.20M","2.40%"
"Sep 03, 2019","1.51","1.51","1.54","1.49","9.44M","0.00%"
"Sep 02, 2019","1.51","1.51","1.52","1.50","5.28M","0.73%"
"Aug 29, 2019","1.50","1.49","1.52","1.49","6.78M","0.73%"
"Aug 28, 2019","1.49","1.49","1.50","1.48","3.65M","0.49%"
"Aug 27, 2019","1.48","1.51","1.51","1.48","2.78M","-1.21%"
"Aug 26, 2019","1.50","1.47","1.51","1.46","4.64M","1.98%"
"Aug 23, 2019","1.47","1.47","1.51","1.47","6.86M","0.75%"
"Aug 22, 2019","1.46","1.47","1.49","1.46","2.33M","-0.74%"
"Aug 21, 2019","1.47","1.46","1.49","1.45","4.42M","1.00%"
"Aug 20, 2019","1.45","1.43","1.47","1.43","6.46M","2.30%"
"Aug 19, 2019","1.42","1.39","1.44","1.39","5.03M","2.62%"
"Aug 16, 2019","1.39","1.39","1.43","1.38","2.95M","0.00%"
"Aug 15, 2019","1.39","1.40","1.40","1.39","853.75K","-0.78%"
"Aug 09, 2019","1.40","1.39","1.41","1.38","2.06M","0.78%"
"Aug 08, 2019","1.39","1.40","1.40","1.38","1.10M","0.00%"
"Aug 07, 2019","1.39","1.41","1.44","1.39","2.23M","-2.30%"
"Aug 06, 2019","1.42","1.41","1.43","1.40","1.67M","0.77%"
"Aug 05, 2019","1.41","1.43","1.44","1.40","2.51M","-1.52%"
"Aug 02, 2019","1.43","1.45","1.47","1.43","5.50M","-2.23%"
"Aug 01, 2019","1.46","1.47","1.48","1.46","2.53M","-0.49%"
"Jul 31, 2019","1.47","1.48","1.49","1.47","1.92M","-0.49%"
"Jul 30, 2019","1.48","1.49","1.50","1.48","2.49M","-0.73%"
"Jul 29, 2019","1.49","1.49","1.51","1.48","3.70M","0.74%"
"Jul 26, 2019","1.48","1.47","1.49","1.46","3.78M","0.99%"
"Jul 25, 2019","1.46","1.49","1.51","1.46","4.64M","-1.71%"
"Jul 24, 2019","1.49","1.48","1.49","1.47","2.65M","0.49%"
"Jul 23, 2019","1.48","1.48","1.51","1.48","3.84M","0.00%"
"Jul 22, 2019","1.48","1.49","1.50","1.47","4.55M","-0.49%"
"Jul 19, 2019","1.48","1.51","1.52","1.48","4.18M","-0.97%"
"Jul 18, 2019","1.50","1.51","1.53","1.48","13.44M","-0.48%"
"Jul 17, 2019","1.51","1.43","1.64","1.43","46.22M","5.60%"
"Jul 16, 2019","1.43","1.40","1.44","1.40","2.72M","2.88%"
"Jul 12, 2019","1.39","1.45","1.46","1.38","3.34M","-4.26%"
"Jul 11, 2019","1.45","1.44","1.47","1.44","3.78M","1.01%"
"Jul 10, 2019","1.43","1.41","1.44","1.39","4.24M","1.54%"
"Jul 09, 2019","1.41","1.46","1.47","1.41","3.66M","-2.99%"
"Jul 08, 2019","1.45","1.42","1.54","1.42","21.26M","0.00%"
"Jul 05, 2019","1.45","1.51","1.53","1.44","8.86M","-2.91%"
"Jul 04, 2019","1.50","1.49","1.54","1.49","7.57M","0.98%"
"Jul 03, 2019","1.48","1.46","1.57","1.46","30.69M","2.25%"
"Jul 02, 2019","1.45","1.41","1.45","1.41","6.17M","2.83%"
"Jul 01, 2019","1.41","1.40","1.42","1.40","5.75M","2.37%"
"Jun 28, 2019","1.38","1.38","1.39","1.37","2.93M","0.00%"
"Jun 27, 2019","1.38","1.38","1.40","1.38","3.91M","0.00%"
"Jun 26, 2019","1.37","1.37","1.41","1.37","7.73M","0.00%"
"Jun 25, 2019","1.37","1.36","1.42","1.35","8.39M","0.80%"
"Jun 24, 2019","1.36","1.39","1.39","1.36","2.42M","0.00%"
"Jun 21, 2019","1.36","1.38","1.38","1.35","2.32M","-1.32%"
"Jun 20, 2019","1.38","1.38","1.44","1.37","13.41M","0.80%"
"Jun 19, 2019","1.37","1.37","1.39","1.36","2.72M","0.00%"
"Jun 18, 2019","1.37","1.35","1.38","1.33","7.85M","2.16%"
"Jun 17, 2019","1.34","1.30","1.35","1.29","4.32M","3.64%"
"Jun 14, 2019","1.30","1.32","1.33","1.29","1.89M","-1.65%"
"Jun 13, 2019","1.32","1.35","1.37","1.31","4.40M","-2.94%"
"Jun 12, 2019","1.36","1.36","1.37","1.35","2.11M","0.00%"
"Jun 11, 2019","1.36","1.39","1.40","1.36","1.40M","-1.57%"
"Jun 10, 2019","1.38","1.36","1.39","1.35","2.35M","2.14%"
"Jun 07, 2019","1.35","1.32","1.36","1.32","2.14M","2.47%"
"Jun 03, 2019","1.32","1.32","1.33","1.31","736.95K","0.00%"
"May 31, 2019","1.32","1.30","1.34","1.30","3.23M","1.68%"
"May 30, 2019","1.30","1.28","1.31","1.28","1.95M","2.00%"
"May 29, 2019","1.27","1.28","1.29","1.26","2.16M","-1.41%"
"May 28, 2019","1.29","1.28","1.31","1.28","1.85M","0.57%"
"May 27, 2019","1.28","1.26","1.28","1.26","2.07M","2.32%"
"May 24, 2019","1.25","1.24","1.26","1.24","2.20M","1.47%"
"May 23, 2019","1.23","1.23","1.24","1.23","1.47M","0.00%"
"May 22, 2019","1.23","1.30","1.30","1.23","2.09M","-5.29%"
"May 21, 2019","1.30","1.31","1.33","1.30","1.60M","-0.55%"
"May 20, 2019","1.31","1.33","1.34","1.31","1.63M","-1.37%"
"May 17, 2019","1.33","1.35","1.35","1.33","2.44M","-1.61%"
"May 16, 2019","1.35","1.33","1.39","1.33","7.04M","1.64%"
"May 15, 2019","1.33","1.36","1.36","1.32","1.42M","-2.14%"
"May 14, 2019","1.36","1.35","1.36","1.32","1.64M","0.81%"
"May 13, 2019","1.35","1.41","1.42","1.34","1.73M","-4.38%"
"May 10, 2019","1.41","1.42","1.43","1.41","1.18M","-0.51%"
"May 09, 2019","1.41","1.45","1.46","1.41","1.55M","-2.26%"
"May 08, 2019","1.45","1.44","1.48","1.44","1.92M","0.00%"
"May 07, 2019","1.44","1.42","1.45","1.41","1.84M","0.00%"
"May 06, 2019","1.45","1.49","1.49","1.44","2.09M","-3.16%"
"May 03, 2019","1.49","1.51","1.51","1.49","2.19M","-0.96%"
"May 02, 2019","1.51","1.55","1.55","1.51","2.22M","-2.58%"
"Apr 30, 2019","1.55","1.55","1.56","1.55","1.64M","0.00%"
"Apr 29, 2019","1.55","1.56","1.57","1.55","1.94M","-0.93%"
"Apr 26, 2019","1.56","1.57","1.58","1.55","4.43M","0.00%"
"Apr 25, 2019","1.56","1.57","1.61","1.56","9.30M","0.00%"
"Apr 24, 2019","1.57","1.59","1.59","1.57","3.08M","-1.14%"
"Apr 22, 2019","1.59","1.59","1.60","1.58","2.06M","0.00%"
"Apr 19, 2019","1.59","1.58","1.60","1.58","5.32M","0.69%"
"Apr 18, 2019","1.57","1.59","1.59","1.57","2.90M","-1.14%"
"Apr 17, 2019","1.59","1.60","1.62","1.59","7.83M","0.00%"
"Apr 16, 2019","1.59","1.56","1.68","1.56","22.54M","1.86%"
"Apr 15, 2019","1.56","1.56","1.57","1.55","2.01M","0.00%"
"Apr 12, 2019","1.56","1.57","1.57","1.55","1.41M","-0.92%"
"Apr 11, 2019","1.57","1.59","1.59","1.57","1.55M","-0.69%"
"Apr 10, 2019","1.59","1.60","1.60","1.57","2.11M","-0.46%"
"Apr 09, 2019","1.59","1.59","1.60","1.59","2.11M","0.69%"
"Apr 08, 2019","1.58","1.62","1.62","1.57","2.79M","-2.02%"
"Apr 05, 2019","1.61","1.61","1.63","1.59","3.15M","0.00%"
"Apr 04, 2019","1.61","1.58","1.61","1.57","2.62M","1.83%"
"Apr 03, 2019","1.58","1.58","1.59","1.57","1.68M","0.69%"
"Apr 02, 2019","1.57","1.57","1.60","1.56","2.00M","-0.69%"
"Apr 01, 2019","1.58","1.60","1.60","1.55","2.60M","0.00%"
"Mar 29, 2019","1.59","1.56","1.59","1.56","2.33M","1.39%"
"Mar 28, 2019","1.56","1.55","1.59","1.54","2.64M","0.00%"
"Mar 27, 2019","1.56","1.65","1.66","1.54","4.23M","-5.07%"
"Mar 26, 2019","1.65","1.66","1.67","1.64","2.45M","-0.44%"
"Mar 25, 2019","1.65","1.68","1.69","1.63","3.22M","-1.08%"
"Mar 22, 2019","1.67","1.75","1.76","1.67","4.14M","-4.36%"
"Mar 21, 2019","1.75","1.77","1.81","1.73","7.99M","-0.82%"
"Mar 20, 2019","1.76","1.75","1.84","1.74","15.46M","1.04%"
"Mar 19, 2019","1.74","1.74","1.80","1.73","8.54M","0.63%"
"Mar 18, 2019","1.73","1.73","1.75","1.73","4.27M","1.06%"
"Mar 15, 2019","1.72","1.71","1.73","1.70","4.12M","1.28%"
"Mar 14, 2019","1.69","1.68","1.72","1.68","4.53M","0.65%"
"Mar 13, 2019","1.68","1.70","1.71","1.68","2.72M","-0.64%"
"Mar 12, 2019","1.69","1.69","1.72","1.68","2.80M","0.43%"
"Mar 11, 2019","1.69","1.72","1.74","1.68","3.08M","-1.69%"
"Mar 08, 2019","1.72","1.71","1.76","1.71","4.99M","0.42%"
"Mar 07, 2019","1.71","1.76","1.78","1.70","4.06M","-2.69%"
"Mar 06, 2019","1.76","1.79","1.81","1.76","3.79M","-1.63%"
"Mar 05, 2019","1.78","1.82","1.88","1.78","23.31M","-2.38%"
"Mar 04, 2019","1.83","1.72","1.89","1.72","42.72M","6.55%"
"Mar 01, 2019","1.72","1.73","1.76","1.71","7.32M","-0.42%"
"Feb 28, 2019","1.72","1.71","1.72","1.71","2.23M","1.06%"
"Feb 27, 2019","1.71","1.74","1.74","1.71","2.21M","-1.67%"
"Feb 26, 2019","1.73","1.74","1.76","1.73","3.58M","-0.42%"
"Feb 25, 2019","1.74","1.73","1.76","1.72","5.64M","1.91%"
"Feb 22, 2019","1.71","1.69","1.72","1.69","5.58M","1.29%"
"Feb 21, 2019","1.69","1.68","1.70","1.68","2.53M","0.43%"
"Feb 20, 2019","1.68","1.68","1.69","1.68","3.02M","0.00%"
"Feb 19, 2019","1.68","1.67","1.68","1.67","2.01M","0.65%"
"Feb 18, 2019","1.67","1.68","1.69","1.67","2.18M","-1.08%"
"Feb 15, 2019","1.69","1.72","1.72","1.69","3.32M","-1.48%"
"Feb 14, 2019","1.71","1.67","1.71","1.65","5.07M","2.61%"
"Feb 13, 2019","1.67","1.72","1.72","1.66","2.96M","-2.13%"
"Feb 12, 2019","1.71","1.75","1.78","1.70","8.20M","-2.29%"
"Feb 11, 2019","1.74","1.70","1.78","1.70","11.03M","3.22%"
"Feb 08, 2019","1.69","1.68","1.71","1.68","3.49M","0.43%"
"Feb 07, 2019","1.68","1.68","1.71","1.68","5.12M","0.43%"
"Feb 06, 2019","1.68","1.70","1.71","1.67","6.13M","-1.07%"
"Feb 05, 2019","1.69","1.72","1.74","1.69","7.27M","-1.27%"
"Feb 04, 2019","1.72","1.73","1.75","1.72","5.98M","-0.63%"
"Feb 01, 2019","1.73","1.76","1.76","1.72","3.26M","-1.65%"
"Jan 31, 2019","1.76","1.79","1.81","1.74","3.28M","-1.63%"
"Jan 30, 2019","1.78","1.82","1.85","1.78","7.15M","-2.38%"
"Jan 29, 2019","1.83","1.77","1.86","1.75","9.34M","3.49%"
"Jan 28, 2019","1.77","1.76","1.79","1.76","3.02M","0.62%"
"Jan 25, 2019","1.76","1.78","1.79","1.75","3.01M","-1.22%"
"Jan 24, 2019","1.78","1.76","1.81","1.76","7.34M","1.24%"
"Jan 23, 2019","1.76","1.74","1.77","1.74","7.17M","0.83%"
"Jan 22, 2019","1.74","1.73","1.76","1.72","3.75M","1.05%"
"Jan 21, 2019","1.72","1.74","1.76","1.72","2.59M","-0.63%"
"Jan 18, 2019","1.73","1.74","1.77","1.73","2.73M","-0.42%"
"Jan 17, 2019","1.74","1.70","1.78","1.69","6.25M","2.56%"
"Jan 16, 2019","1.70","1.67","1.71","1.67","6.39M","1.52%"
"Jan 15, 2019","1.67","1.67","1.68","1.66","4.67M","0.88%"
"Jan 14, 2019","1.66","1.65","1.66","1.64","2.04M","0.00%"
"Jan 11, 2019","1.66","1.66","1.68","1.65","2.97M","0.44%"
"Jan 10, 2019","1.65","1.65","1.68","1.65","3.06M","0.00%"
"Jan 09, 2019","1.65","1.66","1.69","1.65","7.39M","0.00%"
"Jan 08, 2019","1.65","1.65","1.66","1.64","2.84M","0.44%"
"Jan 07, 2019","1.65","1.66","1.67","1.64","3.58M","0.00%"
"Jan 04, 2019","1.65","1.64","1.67","1.64","1.74M","0.89%"
"Jan 03, 2019","1.64","1.63","1.67","1.62","2.31M","0.00%"
"Jan 02, 2019","1.64","1.67","1.68","1.64","1.82M","-1.53%"
"Dec 31, 2018","1.67","1.66","1.69","1.65","2.26M","0.44%"
"Dec 28, 2018","1.66","1.66","1.69","1.65","2.74M","0.00%"
"Dec 27, 2018","1.65","1.68","1.69","1.65","1.87M","-0.87%"
"Dec 26, 2018","1.67","1.67","1.69","1.66","849.33K","0.00%"
"Dec 25, 2018","1.67","1.67","1.67","1.66","1.21M","-0.65%"
"Dec 24, 2018","1.68","1.68","1.71","1.67","3.00M","0.00%"
"Dec 21, 2018","1.68","1.68","1.68","1.66","2.99M","0.00%"
"Dec 20, 2018","1.68","1.67","1.70","1.67","2.74M","-1.07%"
"Dec 19, 2018","1.69","1.66","1.78","1.64","4.71M","2.41%"
"Dec 18, 2018","1.65","1.64","1.66","1.63","2.58M","1.11%"
"Dec 17, 2018","1.64","1.66","1.67","1.63","2.11M","-1.10%"
"Dec 14, 2018","1.65","1.69","1.69","1.63","1.90M","-1.94%"
"Dec 13, 2018","1.69","1.68","1.70","1.67","2.21M","0.87%"
"Dec 12, 2018","1.67","1.75","1.76","1.65","3.07M","-4.36%"
"Dec 11, 2018","1.75","1.77","1.78","1.74","2.10M","-1.43%"
"Dec 10, 2018","1.77","1.80","1.81","1.77","2.59M","-1.61%"
"Dec 07, 2018","1.80","1.80","1.85","1.79","5.96M","0.81%"
"Dec 06, 2018","1.79","1.78","1.81","1.76","3.63M","1.23%"
"Dec 05, 2018","1.77","1.75","1.78","1.74","4.02M","0.62%"
"Dec 04, 2018","1.76","1.78","1.81","1.75","4.81M","-1.22%"
"Dec 03, 2018","1.78","1.78","1.82","1.78","6.47M","0.41%"
"Nov 30, 2018","1.77","1.80","1.81","1.77","4.55M","-1.41%"
"Nov 29, 2018","1.80","1.86","1.86","1.78","8.28M","-1.59%"
"Nov 28, 2018","1.82","1.92","1.92","1.82","17.98M","-4.91%"
"Nov 27, 2018","1.92","1.68","1.96","1.68","53.40M","14.25%"
"Nov 26, 2018","1.68","1.68","1.71","1.68","3.61M","0.65%"
"Nov 23, 2018","1.67","1.65","1.70","1.64","4.56M","0.66%"
"Nov 22, 2018","1.66","1.66","1.67","1.64","1.30M","0.00%"
"Nov 21, 2018","1.66","1.64","1.67","1.64","2.24M","1.11%"
"Nov 20, 2018","1.64","1.68","1.69","1.64","2.85M","-2.38%"
"Nov 19, 2018","1.68","1.69","1.70","1.68","2.24M","0.00%"
"Nov 16, 2018","1.68","1.67","1.72","1.67","5.16M","1.09%"
"Nov 15, 2018","1.66","1.66","1.67","1.65","2.17M","0.44%"
"Nov 14, 2018","1.65","1.64","1.68","1.64","3.48M","0.66%"
"Nov 13, 2018","1.64","1.65","1.66","1.64","2.10M","-0.44%"
"Nov 12, 2018","1.65","1.63","1.69","1.63","3.76M","1.34%"
"Nov 09, 2018","1.63","1.65","1.66","1.61","1.64M","-1.32%"
"Nov 08, 2018","1.65","1.68","1.69","1.65","2.47M","-1.52%"
"Nov 07, 2018","1.68","1.67","1.69","1.67","1.80M","0.65%"
"Nov 06, 2018","1.67","1.70","1.72","1.66","2.31M","-1.92%"
"Nov 05, 2018","1.70","1.69","1.71","1.68","4.55M","0.65%"
"Nov 02, 2018","1.69","1.66","1.69","1.65","2.32M","1.53%"
"Nov 01, 2018","1.66","1.65","1.66","1.63","1.66M","1.55%"
"Oct 31, 2018","1.64","1.69","1.69","1.63","3.11M","-3.63%"
"Oct 30, 2018","1.70","1.73","1.76","1.68","3.32M","-1.68%"
"Oct 26, 2018","1.73","1.80","1.82","1.72","5.00M","-2.06%"
"Oct 25, 2018","1.76","1.73","1.81","1.72","13.14M","1.89%"
"Oct 24, 2018","1.73","1.74","1.76","1.72","1.61M","-0.42%"
"Oct 23, 2018","1.74","1.74","1.78","1.71","3.51M","-0.62%"
"Oct 22, 2018","1.75","1.80","1.80","1.74","1.53M","-2.23%"
"Oct 19, 2018","1.79","1.81","1.82","1.78","1.99M","-1.20%"
"Oct 18, 2018","1.81","1.85","1.86","1.81","2.10M","-1.96%"
"Oct 17, 2018","1.85","1.85","1.87","1.82","3.34M","0.39%"
"Oct 16, 2018","1.84","1.85","1.87","1.83","2.91M","0.00%"
"Oct 15, 2018","1.84","1.80","1.85","1.80","5.91M","3.46%"
"Oct 12, 2018","1.78","1.76","1.78","1.73","3.92M","2.08%"
"Oct 11, 2018","1.74","1.74","1.77","1.73","2.62M","-0.41%"
"Oct 10, 2018","1.75","1.82","1.83","1.75","2.81M","-3.59%"
"Oct 09, 2018","1.82","1.83","1.84","1.80","2.79M","0.00%"
"Oct 08, 2018","1.82","1.80","1.84","1.79","2.84M","1.01%"
"Oct 05, 2018","1.80","1.77","1.80","1.76","2.90M","1.64%"
"Oct 04, 2018","1.77","1.89","1.90","1.77","4.33M","-5.60%"
"Oct 03, 2018","1.88","1.93","1.94","1.88","3.46M","-2.26%"
"Oct 02, 2018","1.92","1.95","1.97","1.92","4.98M","-1.30%"
"Oct 01, 2018","1.95","1.99","2.00","1.93","6.34M","-1.65%"
"Sep 28, 2018","1.98","2.00","2.02","1.98","9.66M","0.00%"
"Sep 27, 2018","1.98","1.97","1.99","1.96","9.87M","0.92%"
"Sep 26, 2018","1.96","1.96","1.99","1.94","4.93M","0.56%"
"Sep 25, 2018","1.95","1.96","1.99","1.95","7.68M","0.00%"
"Sep 24, 2018","1.95","1.95","1.97","1.94","5.98M","0.56%"
"Sep 21, 2018","1.94","1.92","1.99","1.92","16.31M","1.33%"
"Sep 20, 2018","1.92","1.94","1.96","1.91","5.81M","-1.12%"
"Sep 19, 2018","1.94","1.92","1.94","1.92","4.34M","0.95%"
"Sep 18, 2018","1.92","1.92","1.95","1.92","3.49M","0.57%"
"Sep 17, 2018","1.91","1.91","1.93","1.89","3.32M","0.00%"
"Sep 14, 2018","1.91","1.93","1.96","1.91","4.41M","-0.75%"
"Sep 13, 2018","1.93","1.90","1.93","1.88","3.95M","1.72%"
"Sep 12, 2018","1.89","1.90","1.94","1.89","4.09M","0.00%"
"Sep 11, 2018","1.89","1.88","2.05","1.85","25.27M","0.77%"
"Sep 10, 2018","1.88","1.94","1.96","1.86","2.71M","-3.18%"
"Sep 07, 2018","1.94","1.95","1.97","1.94","3.04M","0.00%"
"Sep 06, 2018","1.94","1.97","1.99","1.94","3.83M","-0.92%"
"Sep 05, 2018","1.96","1.96","2.04","1.94","10.88M","0.00%"
"Sep 04, 2018","1.96","1.97","2.01","1.96","6.06M","-0.37%"
"Sep 03, 2018","1.97","1.94","1.98","1.94","4.33M","1.31%"
"Aug 31, 2018","1.94","1.96","2.00","1.92","8.09M","-0.93%"
"Aug 29, 2018","1.96","1.90","2.03","1.89","21.51M","2.27%"
"Aug 28, 2018","1.92","1.89","1.93","1.88","5.14M","1.54%"
"Aug 27, 2018","1.89","1.84","1.90","1.83","3.95M","3.38%"
"Aug 20, 2018","1.82","1.82","1.84","1.80","1.41M","1.00%"
"Aug 17, 2018","1.81","1.78","1.82","1.74","2.95M","1.63%"
"Aug 16, 2018","1.78","1.84","1.87","1.77","3.91M","-2.00%"
"Aug 15, 2018","1.81","1.96","1.96","1.81","5.07M","-4.40%"
"Aug 14, 2018","1.90","1.86","1.94","1.86","6.00M","4.60%"
"Aug 13, 2018","1.81","1.90","1.90","1.74","8.20M","-6.19%"
"Aug 10, 2018","1.93","2.00","2.07","1.81","17.71M","-6.33%"
"Aug 09, 2018","2.06","2.00","2.25","1.98","41.42M","2.71%"
"Aug 08, 2018","2.01","2.03","2.04","2.00","4.82M","-0.89%"
"Aug 07, 2018","2.03","2.05","2.07","2.00","5.17M","-0.71%"
"Aug 06, 2018","2.04","2.12","2.16","2.03","11.21M","0.00%"
"Aug 03, 2018","2.05","2.01","2.07","2.01","2.72M","1.81%"
"Aug 02, 2018","2.01","2.06","2.06","2.00","3.40M","-4.15%"
"Aug 01, 2018","2.10","2.11","2.15","2.09","7.13M","-0.34%"
"Jul 31, 2018","2.10","2.08","2.11","2.07","3.89M","1.05%"
"Jul 30, 2018","2.08","2.07","2.09","2.06","3.31M","0.70%"
"Jul 27, 2018","2.07","2.06","2.10","2.04","3.38M","-0.52%"
"Jul 26, 2018","2.08","2.11","2.17","2.03","10.82M","-0.52%"
"Jul 25, 2018","2.09","2.04","2.09","2.04","3.91M","2.86%"
"Jul 24, 2018","2.03","2.14","2.14","2.02","4.91M","-4.27%"
"Jul 23, 2018","2.12","2.10","2.14","2.09","7.09M","2.09%"
"Jul 20, 2018","2.08","2.03","2.09","2.02","4.54M","2.69%"
"Jul 19, 2018","2.02","2.06","2.06","2.01","3.00M","-0.89%"
"Jul 18, 2018","2.04","2.02","2.10","1.98","9.13M","1.62%"
"Jul 17, 2018","2.01","2.00","2.03","1.97","5.04M","0.73%"
"Jul 16, 2018","2.00","1.95","2.07","1.95","11.27M","3.38%"
"Jul 13, 2018","1.93","1.93","1.94","1.90","2.81M","0.95%"
"Jul 12, 2018","1.91","1.90","1.97","1.81","7.83M","0.38%"
"Jul 11, 2018","1.90","2.13","2.13","1.87","7.71M","-10.56%"
"Jul 10, 2018","2.13","2.18","2.21","2.13","6.75M","-3.61%"
"Jul 09, 2018","2.21","2.25","2.27","2.21","6.52M","-0.65%"
"Jul 06, 2018","2.22","2.28","2.30","2.22","5.43M","-2.23%"
"Jul 05, 2018","2.27","2.26","2.31","2.26","15.16M","0.97%"
"Jul 04, 2018","2.25","2.22","2.31","2.22","19.11M","1.80%"
"Jul 03, 2018","2.21","2.17","2.26","2.15","18.56M","2.52%"
"Jul 02, 2018","2.16","2.14","2.21","2.14","8.89M","0.68%"
"Jun 29, 2018","2.14","2.19","2.22","2.14","8.84M","-1.17%"
"Jun 28, 2018","2.17","2.12","2.26","2.11","18.59M","2.57%"
"Jun 27, 2018","2.12","2.10","2.14","2.09","6.97M","0.69%"
"Jun 26, 2018","2.10","2.11","2.14","2.08","8.78M","0.00%"
"Jun 25, 2018","2.10","2.21","2.21","2.10","14.08M","-0.34%"
"Jun 22, 2018","2.11","2.25","2.26","2.10","31.72M","-6.14%"
"Jun 21, 2018","2.25","1.94","2.31","1.93","35.88M","16.35%"
"Jun 20, 2018","1.93","1.85","1.94","1.84","11.53M","4.72%"
"Jun 19, 2018","1.84","1.78","1.86","1.77","8.91M","3.25%"
"Jun 18, 2018","1.78","1.74","1.91","1.73","17.32M","2.50%"
"Jun 14, 2018","1.74","1.73","1.77","1.72","2.80M","0.42%"
"Jun 13, 2018","1.73","1.77","1.78","1.73","2.68M","-2.05%"
"Jun 12, 2018","1.77","1.79","1.81","1.76","1.31M","-1.41%"
"Jun 11, 2018","1.80","1.82","1.83","1.76","2.82M","-1.20%"
"Jun 08, 2018","1.82","1.85","1.93","1.81","3.78M","-1.96%"
"Jun 07, 2018","1.85","1.85","1.87","1.83","3.19M","0.00%"
"Jun 06, 2018","1.85","1.89","1.90","1.83","1.57M","-1.35%"
"Jun 05, 2018","1.88","1.91","1.93","1.88","1.15M","-1.52%"
"Jun 04, 2018","1.91","1.90","1.94","1.90","1.03M","0.00%"
"Jun 01, 2018","1.90","1.93","1.95","1.87","2.52M","-1.32%"
"May 31, 2018","1.93","2.01","2.01","1.92","1.65M","-3.10%"
"May 30, 2018","1.99","2.01","2.05","1.99","1.97M","-0.72%"
"May 29, 2018","2.01","2.03","2.03","1.98","1.52M","-0.90%"
"May 28, 2018","2.02","1.97","2.06","1.96","2.90M","4.30%"
"May 25, 2018","1.94","1.92","1.97","1.91","1.90M","1.52%"
"May 24, 2018","1.91","2.01","2.02","1.86","2.17M","-4.36%"
"May 23, 2018","2.00","2.01","2.02","1.98","1.96M","-1.61%"
"May 22, 2018","2.03","2.02","2.04","2.01","2.27M","0.90%"
"May 21, 2018","2.01","2.02","2.04","2.00","1.41M","-0.36%"
"May 18, 2018","2.02","2.02","2.04","2.00","1.82M","0.00%"
"May 17, 2018","2.02","2.04","2.06","2.01","1.42M","-0.89%"
"May 16, 2018","2.04","2.02","2.04","2.01","1.77M","0.54%"
"May 15, 2018","2.02","2.05","2.08","2.01","2.18M","-2.28%"
"May 14, 2018","2.07","2.05","2.08","2.04","1.84M","1.42%"
"May 11, 2018","2.04","2.07","2.08","2.04","1.92M","-1.23%"
"May 10, 2018","2.07","2.07","2.09","2.03","3.17M","0.00%"
"May 09, 2018","2.06","2.08","2.09","1.96","5.49M","-1.22%"
"May 08, 2018","2.09","2.26","2.26","2.09","3.91M","-7.10%"
"May 07, 2018","2.25","2.29","2.29","2.24","1.81M","-1.74%"
"May 04, 2018","2.29","2.33","2.35","2.27","4.45M","-1.87%"
"May 03, 2018","2.33","2.44","2.50","2.33","11.12M","0.00%"
"May 02, 2018","2.33","2.35","2.38","2.29","2.34M","-0.62%"
"Apr 30, 2018","2.34","2.45","2.45","2.33","2.32M","-4.58%"
"Apr 27, 2018","2.46","2.44","2.50","2.43","2.87M","0.74%"
"Apr 26, 2018","2.44","2.40","2.49","2.36","2.90M","1.97%"
"Apr 25, 2018","2.39","2.46","2.47","2.39","1.63M","-2.66%"
"Apr 24, 2018","2.46","2.48","2.49","2.45","1.26M","-0.88%"
"Apr 20, 2018","2.48","2.51","2.51","2.46","1.72M","-1.30%"
"Apr 19, 2018","2.51","2.52","2.54","2.50","2.35M","0.00%"
"Apr 18, 2018","2.51","2.50","2.52","2.41","5.60M","0.73%"
"Apr 17, 2018","2.50","2.46","2.58","2.42","10.44M","2.08%"
"Apr 16, 2018","2.45","2.42","2.49","2.42","2.88M","1.51%"
"Apr 13, 2018","2.41","2.42","2.45","2.41","2.70M","0.00%"
"Apr 12, 2018","2.41","2.36","2.43","2.34","3.69M","1.84%"
"Apr 11, 2018","2.36","2.48","2.50","2.25","5.77M","-4.82%"
"Apr 10, 2018","2.48","2.57","2.58","2.47","4.15M","-3.12%"
"Apr 09, 2018","2.56","2.62","2.62","2.56","2.42M","-1.67%"
"Apr 06, 2018","2.60","2.62","2.62","2.60","2.40M","-0.42%"
"Apr 05, 2018","2.62","2.63","2.64","2.61","2.67M","0.00%"
"Apr 04, 2018","2.62","2.64","2.65","2.62","3.50M","-0.69%"
"Apr 03, 2018","2.64","2.63","2.67","2.62","5.71M","0.55%"
"Apr 02, 2018","2.62","2.63","2.64","2.61","2.84M","0.00%"
"Mar 30, 2018","2.62","2.63","2.64","2.62","2.03M","0.00%"
"Mar 29, 2018","2.62","2.60","2.64","2.60","2.95M","0.70%"
"Mar 28, 2018","2.60","2.66","2.66","2.60","4.13M","-2.45%"
"Mar 27, 2018","2.67","2.72","2.73","2.67","4.15M","-1.21%"
"Mar 26, 2018","2.70","2.72","2.74","2.70","5.86M","-0.40%"
"Mar 23, 2018","2.71","2.66","2.73","2.64","9.36M","1.49%"
"Mar 22, 2018","2.67","2.65","2.69","2.64","6.41M","1.10%"
"Mar 21, 2018","2.64","2.64","2.66","2.64","3.87M","-63.72%"
"Mar 20, 2018","7.28","7.25","7.38","7.25","2.19M","0.55%"
"Mar 19, 2018","7.24","7.36","7.38","7.21","980.10K","-1.63%"
"Mar 16, 2018","7.36","7.41","7.43","7.34","1.01M","-0.54%"
"Mar 15, 2018","7.40","7.44","7.47","7.39","1.10M","-0.27%"
"Mar 14, 2018","7.42","7.44","7.56","7.41","2.11M","-0.27%"
"Mar 13, 2018","7.44","7.49","7.50","7.43","961.93K","-0.40%"
"Mar 12, 2018","7.47","7.43","7.50","7.42","1.81M","0.95%"
"Mar 09, 2018","7.40","7.44","7.45","7.39","911.54K","-0.27%"
"Mar 08, 2018","7.42","7.43","7.47","7.40","1.11M","0.00%"
"Mar 07, 2018","7.42","7.43","7.49","7.42","1.96M","-0.27%"
"Mar 06, 2018","7.44","7.46","7.53","7.42","2.17M","0.13%"
"Mar 05, 2018","7.43","7.44","7.48","7.41","733.72K","0.27%"
"Mar 02, 2018","7.41","7.52","7.53","7.39","1.27M","-1.46%"
"Mar 01, 2018","7.52","7.66","7.71","7.48","2.26M","-2.08%"
"Feb 28, 2018","7.68","7.68","7.72","7.65","1.10M","-0.26%"
"Feb 27, 2018","7.70","7.78","7.79","7.69","1.40M","-0.90%"
"Feb 26, 2018","7.77","7.77","7.84","7.74","2.26M","0.65%"
"Feb 23, 2018","7.72","7.76","7.78","7.70","1.43M","-0.26%"
"Feb 22, 2018","7.74","7.75","7.79","7.69","1.81M","0.13%"
"Feb 21, 2018","7.73","7.72","7.78","7.66","1.91M","1.98%"
"Feb 20, 2018","7.58","7.90","8.10","7.58","10.69M","-1.43%"
"Feb 19, 2018","7.69","7.75","7.82","7.66","2.61M","-0.13%"
"Feb 16, 2018","7.70","7.76","7.84","7.67","3.48M","0.00%"
"Feb 15, 2018","7.70","7.66","7.71","7.63","1.35M","1.85%"
"Feb 14, 2018","7.56","7.68","7.75","7.55","2.36M","-1.05%"
"Feb 13, 2018","7.64","7.74","7.99","7.64","7.57M","-0.65%"
"Feb 12, 2018","7.69","7.52","7.76","7.51","4.74M","3.22%"
"Feb 09, 2018","7.45","7.47","7.49","7.41","1.19M","-0.67%"
"Feb 08, 2018","7.50","7.66","7.66","7.50","1.44M","-1.83%"
"Feb 07, 2018","7.64","7.64","7.71","7.58","1.83M","0.92%"
"Feb 06, 2018","7.57","7.42","7.62","7.41","1.97M","-1.94%"
"Feb 05, 2018","7.72","7.72","7.79","7.69","1.35M","0.00%"
"Feb 02, 2018","7.72","7.79","7.82","7.70","1.55M","-0.64%"
"Feb 01, 2018","7.77","7.79","7.88","7.76","2.30M","0.00%"
"Jan 31, 2018","7.77","7.78","7.91","7.77","3.35M","0.13%"
"Jan 30, 2018","7.76","7.78","7.84","7.76","1.18M","-0.39%"
"Jan 29, 2018","7.79","7.82","7.88","7.75","2.06M","0.00%"
"Jan 26, 2018","7.79","7.78","7.83","7.75","1.51M","0.39%"
"Jan 25, 2018","7.76","7.84","7.88","7.74","1.77M","-0.89%"
"Jan 24, 2018","7.83","7.82","7.93","7.79","2.72M","0.51%"
"Jan 23, 2018","7.79","7.85","7.87","7.79","1.62M","-0.38%"
"Jan 22, 2018","7.82","7.72","7.88","7.66","3.39M","1.43%"
"Jan 19, 2018","7.71","7.96","7.99","7.70","3.39M","-2.90%"
"Jan 18, 2018","7.94","8.01","8.05","7.86","3.09M","0.25%"
"Jan 17, 2018","7.92","7.73","8.05","7.69","9.40M","2.46%"
"Jan 16, 2018","7.73","7.66","7.74","7.53","2.45M","0.65%"
"Jan 15, 2018","7.68","7.90","8.01","7.68","3.14M","-2.41%"
"Jan 12, 2018","7.87","7.91","8.00","7.86","2.45M","-0.25%"
"Jan 11, 2018","7.89","8.05","8.09","7.89","3.53M","-1.13%"
"Jan 10, 2018","7.98","7.81","8.30","7.78","19.45M","2.18%"
"Jan 09, 2018","7.81","7.71","8.01","7.70","9.31M","1.56%"
"Jan 08, 2018","7.69","7.71","7.76","7.68","1.28M","0.39%"
"Jan 05, 2018","7.66","7.65","7.75","7.65","1.78M","0.26%"
"Jan 04, 2018","7.64","7.58","7.74","7.58","1.88M","0.53%"
"Jan 03, 2018","7.60","7.79","7.81","7.60","1.90M","-2.19%"
"Jan 02, 2018","7.77","7.81","7.94","7.74","4.40M","-0.13%"
"Dec 29, 2017","7.78","7.56","7.85","7.55","5.71M","2.91%"
"Dec 28, 2017","7.56","7.53","7.62","7.52","1.47M","0.67%"
"Dec 27, 2017","7.51","7.57","7.57","7.49","1.06M","-0.53%"
"Dec 26, 2017","7.55","7.51","7.72","7.49","2.49M","0.80%"
"Dec 25, 2017","7.49","7.48","7.52","7.45","873.71K","0.81%"
"Dec 22, 2017","7.43","7.48","7.55","7.42","1.51M","-0.27%"
"Dec 21, 2017","7.45","7.43","7.55","7.40","1.80M","0.27%"
"Dec 20, 2017","7.43","7.57","7.58","7.40","1.55M","-1.59%"
"Dec 19, 2017","7.55","7.63","7.72","7.53","2.52M","-0.92%"
"Dec 18, 2017","7.62","7.39","7.99","7.39","8.30M","3.53%"
"Dec 15, 2017","7.36","7.38","7.46","7.31","1.59M","0.14%"
"Dec 14, 2017","7.35","7.34","7.37","7.27","1.14M","0.55%"
"Dec 13, 2017","7.31","7.46","7.48","7.28","1.01M","-1.62%"
"Dec 12, 2017","7.43","7.28","7.53","7.22","3.99M","2.06%"
"Dec 11, 2017","7.28","7.26","7.30","7.25","1.13M","0.83%"
"Dec 08, 2017","7.22","7.15","7.23","7.15","1.41M","0.98%"
"Dec 07, 2017","7.15","7.08","7.24","7.08","1.84M","0.99%"
"Dec 06, 2017","7.08","7.20","7.20","7.06","846.90K","-1.12%"
"Dec 05, 2017","7.16","7.04","7.37","7.00","3.23M","2.14%"
"Dec 04, 2017","7.01","6.95","7.05","6.92","1.26M","1.15%"
"Dec 01, 2017","6.93","7.03","7.07","6.90","951.96K","-1.84%"
"Nov 30, 2017","7.06","6.87","7.08","6.85","1.65M","3.52%"
"Nov 29, 2017","6.82","6.91","6.97","6.80","1.07M","-0.73%"
"Nov 28, 2017","6.87","7.21","7.35","6.85","1.91M","-4.72%"
"Nov 27, 2017","7.21","7.17","7.27","7.16","1.21M","0.84%"
"Nov 24, 2017","7.15","7.21","7.25","7.15","820.61K","-0.69%"
"Nov 23, 2017","7.20","7.26","7.44","7.20","1.84M","-0.55%"
"Nov 22, 2017","7.24","7.23","7.32","7.12","1.39M","0.42%"
"Nov 21, 2017","7.21","7.17","7.24","7.10","1.06M","0.42%"
"Nov 20, 2017","7.18","7.46","7.48","7.16","1.09M","-3.49%"
"Nov 17, 2017","7.44","7.62","7.63","7.42","1.09M","-1.98%"
"Nov 16, 2017","7.59","7.63","7.67","7.56","1.01M","0.13%"
"Nov 15, 2017","7.58","7.73","7.78","7.57","1.44M","-1.94%"
"Nov 14, 2017","7.73","7.73","7.77","7.67","1.28M","0.00%"
"Nov 13, 2017","7.73","7.84","7.85","7.70","1.05M","-0.77%"
"Nov 10, 2017","7.79","7.96","7.96","7.78","1.70M","-1.39%"
"Nov 09, 2017","7.90","8.00","8.14","7.90","6.83M","-5.28%"
"Nov 08, 2017","8.34","7.93","8.37","7.78","7.78M","5.84%"
"Nov 07, 2017","7.88","8.00","8.07","7.88","1.79M","-1.50%"
"Nov 06, 2017","8.00","8.04","8.04","7.93","1.51M","0.38%"
"Nov 03, 2017","7.97","8.06","8.14","7.95","2.08M","-0.87%"
"Nov 02, 2017","8.04","8.17","8.19","8.03","2.82M","-1.11%"
"Nov 01, 2017","8.13","8.15","8.20","8.10","2.71M","0.00%"
"Oct 31, 2017","8.13","8.16","8.19","8.12","1.32M","-0.25%"
"Oct 30, 2017","8.15","8.28","8.29","8.13","2.66M","-0.97%"
"Oct 27, 2017","8.23","8.45","8.49","8.21","4.08M","-0.60%"
"Oct 26, 2017","8.28","8.18","8.34","8.17","3.75M","0.98%"
"Oct 25, 2017","8.20","8.08","8.24","8.06","2.79M","1.86%"
"Oct 24, 2017","8.05","8.16","8.28","8.02","3.17M","-1.11%"
"Oct 23, 2017","8.14","8.23","8.23","8.12","1.32M","-1.09%"
"Oct 20, 2017","8.23","8.30","8.38","8.17","2.90M","-0.60%"
"Oct 19, 2017","8.28","8.27","8.33","8.25","1.74M","0.49%"
"Oct 18, 2017","8.24","8.33","8.40","8.23","2.78M","-0.84%"
"Oct 17, 2017","8.31","8.31","8.55","8.24","6.01M","0.24%"
"Oct 16, 2017","8.29","8.37","8.48","8.25","3.84M","-0.72%"
"Oct 13, 2017","8.35","8.55","8.57","8.35","2.87M","-2.00%"
"Oct 12, 2017","8.52","8.62","8.65","8.44","5.96M","-0.35%"
"Oct 11, 2017","8.55","9.03","9.09","8.30","28.37M","-4.79%"
"Oct 10, 2017","8.98","8.48","8.98","8.27","44.79M","19.89%"
"Oct 09, 2017","7.49","7.32","7.72","7.32","1.44M","-5.19%"
"Oct 06, 2017","7.90","7.96","7.97","7.88","939.38K","-1.00%"
"Oct 05, 2017","7.98","7.98","8.04","7.95","1.16M","0.13%"
"Oct 04, 2017","7.97","8.02","8.06","7.96","1.09M","-0.13%"
"Oct 03, 2017","7.98","7.96","8.11","7.95","2.00M","0.50%"
"Oct 02, 2017","7.94","7.90","7.97","7.89","1.12M","0.63%"
"Sep 29, 2017","7.89","7.87","8.10","7.84","2.26M","0.38%"
"Sep 28, 2017","7.86","7.76","7.93","7.76","1.78M","1.29%"
"Sep 27, 2017","7.76","8.03","8.05","7.75","990.25K","-3.24%"
"Sep 26, 2017","8.02","7.86","8.02","7.80","909.76K","2.43%"
"Sep 25, 2017","7.83","8.22","8.22","7.70","1.60M","-4.98%"
"Sep 22, 2017","8.24","8.26","8.34","8.21","1.20M","0.24%"
"Sep 21, 2017","8.22","8.31","8.36","8.21","973.63K","-1.20%"
"Sep 20, 2017","8.32","8.31","8.38","8.21","1.11M","0.24%"
"Sep 19, 2017","8.30","8.49","8.51","8.23","1.30M","-2.24%"
"Sep 18, 2017","8.49","8.71","8.73","8.49","1.19M","-2.41%"
"Sep 15, 2017","8.70","8.68","8.77","8.66","1.13M","0.23%"
"Sep 14, 2017","8.68","8.73","8.76","8.64","1.61M","-0.57%"
"Sep 13, 2017","8.73","8.86","8.96","8.72","3.00M","-1.02%"
"Sep 12, 2017","8.82","8.78","8.89","8.78","3.91M","0.80%"
"Sep 11, 2017","8.75","8.71","8.85","8.69","3.83M","0.81%"
"Sep 08, 2017","8.68","8.68","8.75","8.67","2.15M","0.23%"
"Sep 07, 2017","8.66","8.69","8.74","8.64","2.45M","-0.12%"
"Sep 06, 2017","8.67","8.64","8.83","8.61","2.46M","0.58%"
"Sep 05, 2017","8.62","8.77","8.79","8.61","1.45M","-1.15%"
"Aug 31, 2017","8.72","8.77","8.77","8.72","355.54K","-0.34%"
"Aug 29, 2017","8.75","8.78","8.81","8.73","1.22M","-0.79%"
"Aug 28, 2017","8.82","8.81","8.88","8.80","1.59M","0.23%"
"Aug 25, 2017","8.80","8.90","8.98","8.80","4.27M","-1.01%"
"Aug 24, 2017","8.89","8.72","9.18","8.71","16.74M","2.07%"
"Aug 23, 2017","8.71","8.74","8.83","8.68","2.01M","-0.11%"
"Aug 22, 2017","8.72","8.58","8.89","8.54","3.42M","1.99%"
"Aug 21, 2017","8.55","8.53","8.70","8.47","2.00M","0.59%"
"Aug 18, 2017","8.50","8.50","8.56","8.45","1.52M","0.00%"
"Aug 17, 2017","8.50","8.60","8.65","8.45","1.38M","-0.47%"
"Aug 16, 2017","8.54","8.69","8.80","8.41","2.72M","-1.39%"
"Aug 15, 2017","8.66","8.89","8.94","8.66","3.25M","-2.37%"
"Aug 14, 2017","8.87","8.86","8.93","8.83","1.78M","1.03%"
"Aug 11, 2017","8.78","8.82","8.86","8.75","1.93M","-0.90%"
"Aug 10, 2017","8.86","8.99","9.02","8.86","2.43M","-1.34%"
"Aug 09, 2017","8.98","9.04","9.04","8.96","2.30M","-0.77%"
"Aug 08, 2017","9.05","9.09","9.11","9.05","2.49M","-0.22%"
"Aug 07, 2017","9.07","9.09","9.14","9.06","4.87M","-0.11%"
"Aug 04, 2017","9.08","9.10","9.13","9.07","2.65M","0.00%"
"Aug 03, 2017","9.08","9.08","9.15","9.07","3.19M","0.22%"
"Aug 02, 2017","9.06","9.09","9.16","9.05","4.36M","-0.11%"
"Aug 01, 2017","9.07","9.14","9.20","9.05","5.07M","-0.55%"
"Jul 31, 2017","9.12","9.12","9.16","9.10","2.12M","0.33%"
"Jul 28, 2017","9.09","9.14","9.17","9.09","2.68M","-0.44%"
"Jul 27, 2017","9.13","9.17","9.22","9.12","3.91M","0.00%"
"Jul 26, 2017","9.13","9.15","9.20","9.12","3.87M","0.00%"
"Jul 25, 2017","9.13","9.11","9.24","9.07","8.68M","0.66%"
"Jul 24, 2017","9.07","9.12","9.17","9.06","4.43M","-0.22%"
"Jul 21, 2017","9.09","9.14","9.20","9.03","6.57M","-0.33%"
"Jul 20, 2017","9.12","9.25","9.30","9.10","6.71M","-1.19%"
"Jul 19, 2017","9.23","9.37","9.42","9.22","8.43M","-0.97%"
"Jul 18, 2017","9.32","9.78","9.79","9.32","27.20M","-4.70%"
"Jul 17, 2017","9.78","9.37","9.83","9.35","36.04M","5.50%"
"Jul 14, 2017","9.27","9.07","9.42","9.06","39.74M","2.54%"
"Jul 13, 2017","9.04","9.01","9.09","9.01","7.34M","0.56%"
"Jul 12, 2017","8.99","9.00","9.10","8.98","3.36M","0.11%"
"Jul 11, 2017","8.98","9.02","9.04","8.98","3.33M","-0.22%"